,Idealista,Casa o chalet en Sóller,1.300,3,104,12.50
,Idealista,Casa adosada en Cami Can Frontera - Marratxí,1.600,3,154,10.39
,Idealista,Casa o chalet en Carretera Arenal - Palma de Mallorca,2.300,4,250,9.20
,Idealista,Piso en Palma de Mallorca,1.275,3,100,12.75
,Idealista,Finca rústica en Camí de Son Xorc - Campos,1.800,3,180,10.00
,Idealista,Piso en Reverendo Fco. Sitjar - 4 - Palma de Mallorca,1.100,1,57,19.30
,Idealista,Casa adosada en Palma de Mallorca,2.200,4,175,12.57
,Idealista,Casa o chalet en Muro,1.590,3,121,13.14
,Idealista,Piso en Palma de Mallorca,1.600,3,173,9.25
,Idealista,Casa o chalet en Palma de Mallorca,1.600,3,170,9.41
,Idealista,Piso en Carrer Caro - 45 - Palma de Mallorca,1.200,2,80,15.00
,Idealista,Piso en Palma de Mallorca,1.250,3,104,12.02
,Idealista,Piso en Palma de Mallorca,990,3,95,10421.05
,Idealista,Piso en Carrer de Les Rafaletes - 13 - Palma de Mallorca,1.500,3,120,12.50
,Idealista,Apartamento en Carrer Paraires - Palma de Mallorca,1.500,2,90,16.67
,Idealista,Piso en Carrer Bernareggi - 4 - Palma de Mallorca,2.500,4,180,13.89
,Idealista,Dúplex en Carrer Sant Cristòfol - Palma de Mallorca,1.400,2,114,12.28
,Idealista,Piso en Carrer Estanislau de Kostka Aguiló - 5 - Palma de Mallorca,1.600,3,92,17.39
,Idealista,Piso en Avinguda Gabriel Roca - Palma de Mallorca,1.200,2,70,17.14
,Idealista,Piso en Palma de Mallorca,1.600,4,160,10.00
,Idealista,Casa o chalet en Sa Pobla,4.000,5,339,11.80
,Idealista,Piso en Murillo - Palma de Mallorca,1.600,3,173,9.25
,Idealista,Apartamento en Carrer Ramon I Cajal - 15 - Palma de Mallorca,1.590,3,85,18.71
,Idealista,Finca rústica en Manacor,3.000,3,230,13.04
,Idealista,Apartamento en Plaça de la Mediterrània - 5 - Palma de Mallorca,1.490,2,65,22.92
,Idealista,Planta baja en Palma de Mallorca,1.600,3,115,13.91
,Idealista,Piso en Carrer Puig de Pollença - 69 - Palma de Mallorca,1.100,2,80,13.75
,Idealista,Planta baja en Palma de Mallorca,1.600,3,115,13.91
,Idealista,Estudio en Cecilo Metelo - Pollença,600,1,50,12000.00
,Idealista,Piso en Calle Son Carbo - Campos,900,3,110,8181.82
,Idealista,Piso en Carrer Antich - Palma de Mallorca,1.300,4,134,9.70
,Idealista,Dúplex en Carrer Can Sales - 11a - Palma de Mallorca,1.490,2,90,16.56
,Idealista,Piso en Carrer Josep Rover Motta - 4a - Palma de Mallorca,1.690,3,80,21.12
,Idealista,Apartamento en Carrer del Carme - 27 - Palma de Mallorca,1.690,3,100,16.90
,Idealista,Piso en Santa Margalida,1.600,3,120,13.33
,Idealista,Casa o chalet en Algaida,1.300,1,80,16.25
,Idealista,Casa adosada en Calvià,2.800,4,140,20.00
,Idealista,Piso en Carrer Aragó - Palma de Mallorca,1.210,1,76,15.92
,Idealista,Piso en Carrer Margalides - Calvià,1.400,2,110,12.73
,Idealista,Piso en Carrer Aragó - Palma de Mallorca,1.140,1,77,14.81
,Idealista,Apartamento en Avinguda Sant Ferran - Palma de Mallorca,850,1,60,14166.67
,Idealista,Casa adosada en Calvià,2.000,4,140,14.29
,Idealista,Casa o chalet en Sineu,1.200,4,190,6.32
,Idealista,Casa o chalet en Sóller,1.300,3,104,12.50
,Idealista,Casa adosada en Cami Can Frontera - Marratxí,1.600,3,154,10.39
,Idealista,Casa o chalet en Carretera Arenal - Palma de Mallorca,2.300,4,250,9.20
,Idealista,Piso en Palma de Mallorca,1.275,3,100,12.75
,Idealista,Finca rústica en Camí de Son Xorc - Campos,1.800,3,180,10.00
,Idealista,Piso en Reverendo Fco. Sitjar - 4 - Palma de Mallorca,1.100,1,57,19.30
,Idealista,Casa adosada en Palma de Mallorca,2.200,4,175,12.57
,Idealista,Casa o chalet en Muro,1.590,3,121,13.14
,Idealista,Piso en Palma de Mallorca,1.600,3,173,9.25
,Idealista,Casa o chalet en Palma de Mallorca,1.600,3,170,9.41
,Idealista,Piso en Carrer Caro - 45 - Palma de Mallorca,1.200,2,80,15.00
,Idealista,Piso en Palma de Mallorca,1.250,3,104,12.02
,Idealista,Piso en Palma de Mallorca,990,3,95,10421.05
,Idealista,Piso en Carrer de Les Rafaletes - 13 - Palma de Mallorca,1.500,3,120,12.50
,Idealista,Apartamento en Carrer Paraires - Palma de Mallorca,1.500,2,90,16.67
,Idealista,Piso en Carrer Bernareggi - 4 - Palma de Mallorca,2.500,4,180,13.89
,Idealista,Dúplex en Carrer Sant Cristòfol - Palma de Mallorca,1.400,2,114,12.28
,Idealista,Piso en Carrer Estanislau de Kostka Aguiló - 5 - Palma de Mallorca,1.600,3,92,17.39
,Idealista,Piso en Avinguda Gabriel Roca - Palma de Mallorca,1.200,2,70,17.14
,Idealista,Piso en Palma de Mallorca,1.600,4,160,10.00
,Idealista,Casa o chalet en Sa Pobla,4.000,5,339,11.80
,Idealista,Piso en Murillo - Palma de Mallorca,1.600,3,173,9.25
,Idealista,Apartamento en Carrer Ramon I Cajal - 15 - Palma de Mallorca,1.590,3,85,18.71
,Idealista,Finca rústica en Manacor,3.000,3,230,13.04
,Idealista,Apartamento en Plaça de la Mediterrània - 5 - Palma de Mallorca,1.490,2,65,22.92
,Idealista,Planta baja en Palma de Mallorca,1.600,3,115,13.91
,Idealista,Piso en Carrer Puig de Pollença - 69 - Palma de Mallorca,1.100,2,80,13.75
,Idealista,Planta baja en Palma de Mallorca,1.600,3,115,13.91
,Idealista,Estudio en Cecilo Metelo - Pollença,600,1,50,12000.00
,Idealista,Piso en Calle Son Carbo - Campos,900,3,110,8181.82
,Idealista,Piso en Carrer Antich - Palma de Mallorca,1.300,4,134,9.70
,Idealista,Dúplex en Carrer Can Sales - 11a - Palma de Mallorca,1.490,2,90,16.56
,Idealista,Piso en Carrer Josep Rover Motta - 4a - Palma de Mallorca,1.690,3,80,21.12
,Idealista,Apartamento en Carrer del Carme - 27 - Palma de Mallorca,1.690,3,100,16.90
,Idealista,Piso en Santa Margalida,1.600,3,120,13.33
,Idealista,Casa o chalet en Algaida,1.300,1,80,16.25
,Idealista,Casa adosada en Calvià,2.800,4,140,20.00
,Idealista,Piso en Carrer Aragó - Palma de Mallorca,1.210,1,76,15.92
,Idealista,Piso en Carrer Margalides - Calvià,1.400,2,110,12.73
,Idealista,Piso en Carrer Aragó - Palma de Mallorca,1.140,1,77,14.81
,Idealista,Apartamento en Avinguda Sant Ferran - Palma de Mallorca,850,1,60,14166.67
,Idealista,Casa adosada en Calvià,2.000,4,140,14.29
,Idealista,Casa o chalet en Sineu,1.200,4,190,6.32
,Idealista,Apartamento en Carrer Pina - Palma de Mallorca,850,1,60,14166.67
,Idealista,Piso en Palma de Mallorca,1.250,2,105,11.90
,Idealista,Ático en Palma de Mallorca,1.100,2,70,15.71
,Idealista,Piso en Palma de Mallorca,1.200,1,119,10.08
,Idealista,Apartamento en Palma de Mallorca,1.600,3,103,15.53
,Idealista,Ático en Palma de Mallorca,1.100,2,75,14.67
,Idealista,Piso en Palma de Mallorca,1.100,3,150,7.33
,Idealista,Piso en Palma de Mallorca,1.100,3,100,11.00
,Idealista,Apartamento en Carrer Jardí Botànic - 8 - Palma de Mallorca,1.390,2,65,21.38
,Idealista,Piso en Calle Carrer Vallseca - Palma de Mallorca,1.200,2,95,12.63
,Idealista,Casa o chalet en 4 - S/n - Pollença,1.500,2,100,15.00
,Idealista,Apartamento en Avinguda Amèrica - Calvià,1.500,2,50,30.00
,Idealista,Apartamento en Calvià,1.450,2,67,21.64
,Idealista,Piso en Calvià,2.000,3,110,18.18
,Idealista,Piso en Margalida Caimari - Palma de Mallorca,1.150,2,64,17.97
,Idealista,Finca rústica en Ma14 - Santanyí,1.500,3,175,8.57
,Idealista,Piso en Palma de Mallorca,3.000,4,230,13.04
,Idealista,Piso en Marratxí,880,2,92,9565.22
,Idealista,Piso en Argenteria - Palma de Mallorca,1.000,2,70,14.29
,Idealista,Piso en Avinguda Joan March - Palma de Mallorca,1.500,3,170,8.82
,Idealista,Piso en Carrer Rafael Ramis I Togores - Palma de Mallorca,1.000,3,90,11.11
,Idealista,Casa adosada en Lloc Poligon 15 - 113 - Artà,2.000,4,220,9.09
,Idealista,Apartamento en Passeig Illetes - 17 - Calvià,1.800,2,78,23.08
,Idealista,Piso en Passeig Mallorca - Palma de Mallorca,1.700,4,170,10.00
,Idealista,Piso en Carrer de Francesc de Borja Moll - Palma de Mallorca,1.600,2,75,21.33
,Idealista,Piso en Carrer de L'illa de Xipre - Palma de Mallorca,3.200,2,110,29.09
,Idealista,Piso en Via de la Mediterrània - Llucmajor,1.450,2,120,12.08
,Idealista,Piso en Torrent - Palma de Mallorca,2.000,4,219,9.13
,Idealista,Piso en Palma de Mallorca,1.800,4,160,11.25
,Idealista,Piso en Carrer de L'illa de Xipre - Palma de Mallorca,3.000,3,131,22.90
,Idealista,Casa adosada en Carrer de Les Margalides - Calvià,3.700,4,234,15.81
,Idealista,Piso en Palma de Mallorca,1.600,3,120,13.33
,Idealista,Piso en Palma de Mallorca,1.100,3,100,11.00
,Idealista,Finca rústica en Sant Llorenç des Cardassar,2.000,3,150,13.33
,Idealista,Apartamento en Manacor,1.000,2,90,11.11
,Idealista,Casa o chalet en Campos,3.000,5,433,6.93
,Idealista,Piso en Palma de Mallorca,1.700,1,55,30.91
,Idealista,Ático en Palma de Mallorca,2.900,3,300,9.67
,Idealista,Ático en Son Servera,2.100,3,170,12.35
,Idealista,Ático en Artà,1.500,2,75,20.00
,Idealista,Casa o chalet en Pollença,4.200,4,250,16.80
,Idealista,Apartamento en Palma de Mallorca,3.500,3,200,17.50
,Idealista,Ático en Apol.l - Alcúdia,2.950,4,185,15.95
,Idealista,Casa o chalet en Manacor,3.500,3,300,11.67
,Idealista,Casa o chalet en Calvià,8.000,6,320,25.00
,Idealista,Casa o chalet en Manacor,2.500,4,200,12.50
,Idealista,Piso en Carrer Des Pinaro - 3 - Son Servera,2.100,3,120,17.50
,Idealista,Piso en Palma de Mallorca,1.400,4,125,11.20
,Idealista,Piso en De Jaume Villanueva - Palma de Mallorca,1.550,2,80,19.38
,Idealista,Apartamento en Palma de Mallorca,1.150,1,65,17.69
,Idealista,Casa adosada en Paseo Alfonso XIII - Llucmajor,2.500,5,260,9.62
,Idealista,Piso en Palma de Mallorca,1.375,4,120,11.46
,Idealista,Casa adosada en Selva,1.300,3,153,8.50
,Idealista,Piso en Palma de Mallorca,1.200,1,52,23.08
,Idealista,Piso en Santa Margalida,1.600,3,98,16.33
,Idealista,Casa o chalet en Manacor,1.350,2,115,11.74
,Idealista,Planta baja en Calvià,2.500,3,104,24.04
,Idealista,Piso en Femenies - Palma de Mallorca,1.300,4,139,9.35
,Idealista,Piso en Palma de Mallorca,1.200,1,52,23.08
,Idealista,Piso en Calvià,2.550,2,120,21.25
,Idealista,Piso en Carrer de Gràcia - Llucmajor,1.800,2,85,21.18
,Idealista,Apartamento en Palma de Mallorca,2.600,3,135,19.26
,Idealista,Piso en Palma de Mallorca,2.860,3,122,23.44
,Idealista,Piso en Palma de Mallorca,2.530,2,106,23.87
,Idealista,Piso en Palma de Mallorca,1.500,3,90,16.67
,Idealista,Casa o chalet en Manacor,2.700,4,450,6.00
,Idealista,Casa adosada en Manacor-porto Cristo - Manacor,900,1,65,13846.15
,Idealista,Finca rústica en Costitx,2.200,4,180,12.22
,Idealista,Casa adosada en Alcúdia,1.500,3,100,15.00
,Idealista,Piso en Palma de Mallorca,1.400,4,120,11.67
,Idealista,Ático en Llucmajor,1.500,4,197,7.61
,Idealista,Casa o chalet en Llucmajor,2.650,3,230,11.52
,Idealista,Apartamento en Palma de Mallorca,1.100,2,70,15.71
,Idealista,Finca rústica en Binissalem,2.900,4,395,7.34
,Idealista,Ático en Palma de Mallorca,1.990,3,130,15.31
,Idealista,Finca rústica en Manacor,3.000,4,350,8.57
,Idealista,Piso en Palma de Mallorca,2.200,4,150,14.67
,Idealista,Casa adosada en Calvià,2.000,3,220,9.09
,Idealista,Finca rústica en Sant Llorenç des Cardassar,8.350,18,1355,6.16
,Idealista,Casa o chalet en Carrer de Ses Escoles - Selva,2.500,2,100,25.00
,Idealista,Apartamento en Artà,1.700,3,407,4.18
,Idealista,Piso en Palma de Mallorca,1.500,3,120,12.50
,Idealista,Piso en Palma de Mallorca,1.400,3,120,11.67
,Idealista,Piso en Carrer del Bastió D'en Sanoguera - Palma de Mallorca,1.950,4,195,10.00
,Idealista,Piso en Carrer de Méndez Núñez - Pollença,1.150,3,112,10.27
,Idealista,Piso en Muro,750,3,124,6048.39
,Idealista,Piso en Palma de Mallorca,1.100,2,130,8.46
,Idealista,Casa o chalet en Palma de Mallorca,2.200,4,231,9.52
,Idealista,Ático en Palma de Mallorca,1.500,4,160,9.38
,Idealista,Piso en Palma de Mallorca,1.000,2,70,14.29
,Idealista,Piso en Carrer Estrella de Mar - Ses Salines,1.000,3,101,9.90
,Idealista,Apartamento en Carrer de Sant Ramon de Penyafort - Sóller,950,1,60,15833.33
,Idealista,Casa o chalet en Santanyí,2.500,4,100,25.00
,Idealista,Piso en Palma de Mallorca,1.700,4,170,10.00
,Idealista,Piso en Palma de Mallorca,975,1,56,17410.71
,Idealista,Piso en Palma de Mallorca,1.200,3,110,10.91
,Idealista,Finca rústica en Mancor de la Vall,1.700,2,85,20.00
,Idealista,Apartamento en Calvià,1.500,3,87,17.24
,Idealista,Piso en Manacor,1.150,3,90,12.78
,Idealista,Apartamento en Palma de Mallorca,950,1,50,19000.00
,Idealista,Piso en Palma de Mallorca,1.300,3,122,10.66
,Idealista,Ático en Palma de Mallorca,1.180,1,87,13.56
,Idealista,Ático en Palma de Mallorca,3.000,1,60,50.00
,Idealista,Casa o chalet en Santanyí,1.300,3,160,8.13
,Idealista,Casa o chalet en Muro,1.750,3,200,8.75
,Idealista,Piso en Palma de Mallorca,1.350,2,108,12.50
,Idealista,Finca rústica en Artà,1.700,2,110,15.45
,Idealista,Casa o chalet en Santa Margalida,1.300,4,170,7.65
,Idealista,Piso en Palma de Mallorca,1.100,2,140,7.86
,Idealista,Casa o chalet en Binissalem,3.500,5,350,10.00
,Idealista,Casa o chalet en Llucmajor,3.000,5,337,8.90
,Idealista,Piso en Carrer de Margalida Caimari - Palma de Mallorca,1.150,2,170,6.76
,Idealista,Piso en Carrer Amílcar - Palma de Mallorca,1.300,3,90,14.44
,Idealista,Piso en Carrer de Gaston Vuillier - Palma de Mallorca,1.600,3,205,7.80
,Idealista,Ático en Palma de Mallorca,1.950,4,200,9.75
,Idealista,Piso en Palma de Mallorca,1.500,4,150,10.00
,Idealista,Ático en Palma de Mallorca,1.300,2,90,14.44
,Idealista,Piso en Carrer Cervantes - 5 - Palma de Mallorca,1.790,4,110,16.27
,Idealista,Ático en D'hiroshima - Palma de Mallorca,1.100,2,130,8.46
,Idealista,Ático en Palma de Mallorca,1.100,2,130,8.46
,Idealista,Piso en Campos,950,3,140,6785.71
,Idealista,Piso en Palma de Mallorca,1.200,3,100,12.00
,Idealista,Piso en Palma de Mallorca,1.200,3,110,10.91
,Idealista,Casa o chalet en Andratx,2.850,3,500,5.70
,Idealista,Apartamento en Palma de Mallorca,950,1,60,15833.33
,Idealista,Finca rústica en Campanet,1.390,3,140,9.93
,Idealista,Piso en Llucmajor,1.100,3,127,8.66
,Idealista,Piso en Palma de Mallorca,1.200,2,60,20.00
,Idealista,Piso en Palma de Mallorca,1.500,3,135,11.11
,Idealista,Dúplex en Carrer Des Saluet - Andratx,1.350,2,95,14.21
,Idealista,Piso en Plaça Cort - Palma de Mallorca,1.000,2,100,10.00
,Idealista,Piso en Costa D'en Sintes - Palma de Mallorca,1.100,1,75,14.67
,Idealista,Ático en Palma de Mallorca,1.350,2,92,14.67
,Idealista,Piso en Palma de Mallorca,1.500,3,130,11.54
,Idealista,Finca rústica en Manacor,1.200,4,120,10.00
,Idealista,Piso en Avinguda Sant Ferran - Palma de Mallorca,1.400,4,176,7.95
,Idealista,Apartamento en Palma de Mallorca,875,1,50,17500.00
,Idealista,Casa adosada en Puigpunyent,1.650,3,162,10.19
,Idealista,Piso en Palma de Mallorca,1.150,2,63,18.25
,Idealista,Apartamento en Santanyí,950,3,100,9500.00
,Idealista,Apartamento en Pollença,1.000,3,130,7.69
,Idealista,Casa adosada en Carrer Son Muntaner - Palma de Mallorca,1.600,3,205,7.80
,Idealista,Piso en Carrer Conde de Sallent - 20 - Palma de Mallorca,2.200,5,270,8.15
,Idealista,Casa o chalet en Palma - Consell,1.200,3,150,8.00
,Idealista,Dúplex en Carrer de Bonany - Vilafranca de Bonany,860,2,101,8514.85
,Idealista,Dúplex en Av. de Gabriel Roca - Palma de Mallorca,4.000,5,327,12.23
,Idealista,Piso en Tit Livi - Palma de Mallorca,1.800,3,117,15.38
,Idealista,Piso en Palma de Mallorca,1.200,2,80,15.00
,Idealista,Piso en Carrer Falzia - Llucmajor,1.100,2,115,9.57
,Idealista,Piso en Campos,950,3,130,7307.69
,Idealista,Casa o chalet en Carrer Ciutat - 13 - 1 - Son Servera,1.100,3,223,4.93
,Idealista,Finca rústica en Felanitx,1.500,3,105,14.29
,Idealista,Piso en Palma de Mallorca,1.000,2,85,11.76
,Idealista,Piso en Avinguda del Parc - Manacor,1.000,4,100,10.00
,Idealista,Piso en Carrer de Mallorca - Campos,825,2,80,10312.50
,Idealista,Ático en Palma de Mallorca,1.400,3,115,12.17
,Idealista,Piso en Palma de Mallorca,950,1,70,13571.43
,Idealista,Piso en Palma de Mallorca,1.200,4,125,9.60
,Idealista,Piso en Palma de Mallorca,1.200,2,85,14.12
,Idealista,Casa o chalet en Inca,1.300,4,212,6.13
,Idealista,Piso en Pollença,900,2,82,10975.61
,Idealista,Piso en Palma de Mallorca,1.100,3,100,11.00
,Idealista,Piso en Santanyí,900,2,70,12857.14
,Idealista,Piso en Palma de Mallorca,950,2,70,13571.43
,Idealista,Casa o chalet en Calvià,2.450,3,145,16.90
,Idealista,Piso en Llucmajor,1.200,4,140,8.57
,Idealista,Piso en Carrer de Joan Crespí - Palma de Mallorca,1.150,1,75,15.33
,Idealista,Piso en Carrer de Teodor Canet - 2 - Alcúdia,975,2,100,9750.00
,Idealista,Piso en Llucmajor,1.100,3,96,11.46
,Idealista,Ático en Palma de Mallorca,1.080,2,60,18.00
,Idealista,Piso en Palma de Mallorca,1.100,2,70,15.71
,Idealista,Estudio en Calvià,800,1,7ª,114285.71
,Idealista,Ático en Palma de Mallorca,1.200,3,90,13.33
,Idealista,Ático en Sindicato - Palma de Mallorca,1.100,2,89,12.36
,Idealista,Apartamento en Santanyí,950,3,100,9500.00
,Idealista,Piso en Palma de Mallorca,1.550,5,180,8.61
,Idealista,Piso en Palma de Mallorca,1.200,3,100,12.00
,Idealista,Piso en Palma de Mallorca,1.000,2,70,14.29
,Idealista,Piso en Carrer de la Tramuntana - Palma de Mallorca,1.200,2,1ª,1200.00
,Idealista,Piso en Palma de Mallorca,1.300,4,151,8.61
,Idealista,Piso en Felanitx,1.000,3,134,7.46
,Idealista,Piso en Calvià,1.500,2,75,20.00
,Idealista,Piso en Ses Salines,850,2,77,11038.96
,Idealista,Piso en Palma de Mallorca,1.200,3,100,12.00
,Idealista,Casa o chalet en Palma de Mallorca,1.400,4,130,10.77
,Idealista,Piso en Palma de Mallorca,1.000,3,90,11.11
,Idealista,Piso en Palma de Mallorca,1.000,2,70,14.29
,Idealista,Ático en Palma de Mallorca,1.200,3,90,13.33
,Idealista,Planta baja en Llucmajor,1.100,3,110,10.00
,Idealista,Casa adosada en Sa Pobla,800,3,250,3200.00
,Idealista,Planta baja en Llucmajor,1.300,3,125,10.40
,Idealista,Apartamento en Palma de Mallorca,1.100,2,75,14.67
,Idealista,Piso en Vilafranca de Bonany,800,3,110,7272.73
,Idealista,Finca rústica en Camí Des Palmer - Llucmajor,1.000,3,90,11.11
,Idealista,Planta baja en Llucmajor,800,1,94,8510.64
,Idealista,Piso en Palma de Mallorca,1.000,3,90,11.11
,Idealista,Piso en Palma de Mallorca,820,1,32,25625.00
,Idealista,Piso en Palma de Mallorca,1.250,3,93,13.44
,Idealista,Piso en Palma de Mallorca,900,2,60,15000.00
,Idealista,Piso en Manacor,900,3,90,10000.00
,Idealista,Piso en Carrer de Velázquez - Palma de Mallorca,1.100,2,75,14.67
,Idealista,Casa o chalet en Puigpunyent,1.800,4,250,7.20
,Idealista,Piso en Palma de Mallorca,1.200,4,125,9.60
,Idealista,Piso en Palma de Mallorca,950,2,70,13571.43
,Idealista,Piso en Palma de Mallorca,1.100,3,100,11.00
,Idealista,Piso en Carrer del Torrent - Llucmajor,850,2,55,15454.55
,Idealista,Apartamento en Palma de Mallorca,800,1,45,17777.78
,Idealista,Piso en Palma de Mallorca,1.000,3,101,9.90
,Idealista,Apartamento en Palma de Mallorca,700,1,50,14000.00
,Idealista,Piso en Palma de Mallorca,1.200,3,118,10.17
,Idealista,Planta baja en Palma de Mallorca,1.300,3,100,13.00
,Idealista,Piso en Carrer Gruta - Palma de Mallorca,1.200,3,95,12.63
,Idealista,Finca rústica en Lloseta,890,2,110,8090.91
,Idealista,Apartamento en Calvià,1.000,2,70,14.29
,Idealista,Apartamento en Manacor,650,1,40,16250.00
,Idealista,Casa adosada en Campos,950,3,100,9500.00
,Idealista,Piso en Palma de Mallorca,1.100,2,85,12.94
,Idealista,Piso en Palma de Mallorca,1.000,3,95,10.53
,Idealista,Piso en Lloseta,850,3,85,10000.00
,Idealista,Casa o chalet en Carrer del Pagell - Manacor,850,3,100,8500.00
,Idealista,Piso en Ricardo Ankerman - Palma de Mallorca,1.000,3,90,11.11
,Idealista,Piso en Palma de Mallorca,1.200,4,150,8.00
,Idealista,Finca rústica en Campanet,1.100,2,90,12.22
,Idealista,Planta baja en Lloseta,850,3,75,11333.33
,Idealista,Piso en Argentina - Palma de Mallorca,1.100,3,85,12.94
,Idealista,Apartamento en Palma de Mallorca,850,1,55,15454.55
,Idealista,Ático en Palma de Mallorca,1.290,4,230,5.61
,Idealista,Piso en Palma de Mallorca,950,3,100,9500.00
,Idealista,Piso en Manacor,800,3,110,7272.73
,Idealista,Piso en Palma de Mallorca,1.100,3,100,11.00
,Idealista,Piso en Carrer Tomás Luis de Victoria - Palma de Mallorca,1.100,3,110,10.00
,Idealista,Piso en Palma de Mallorca,1.100,3,90,12.22
,Idealista,Piso en Ronda Na de Haros - Campos,900,3,100,9000.00
,Idealista,Casa o chalet en Alcúdia,900,3,130,6923.08
,Idealista,Apartamento en Palma de Mallorca,650,1,1ª,650000.00
,Idealista,Piso en Son Servera,895,3,80,11187.50
,Idealista,Piso en Campos,800,2,90,8888.89
,Idealista,Casa o chalet en Llucmajor,850,3,70,12142.86
,Idealista,Casa adosada en Marratxí,1.300,3,150,8.67
,Idealista,Finca rústica en Puigpunyent,1.000,2,83,12.05
,Idealista,Planta baja en Carrer Corall - Palma de Mallorca,1.000,4,115,8.70
,Idealista,Finca rústica en Inca,1.400,6,357,3.92
,Idealista,Planta baja en Santa Margalida,775,3,120,6458.33
,Idealista,Casa adosada en Carrer del Pagell - Manacor,850,3,100,8500.00
,Idealista,Piso en Carrer del Patró Pelat - 8 - Manacor,1.850,2,90,20.56
,Idealista,Piso en Carrer del Patró Pelat - 12 - Manacor,2.100,3,135,15.56
,Idealista,Piso en Carrer Colom - Palma de Mallorca,2.000,3,180,11.11
,Idealista,Apartamento en Carrer Reverend Francesc Sitjar - Palma de Mallorca,1.200,1,43,27.91
,Idealista,Estudio en Carrer de la Bella Vista - 155 - Calvià,900,1,4ª,225000.00
,Idealista,Piso en Carrer de Ramon de Montcada - Calvià,3.500,2,90,38.89
,Idealista,Piso en Carrer Velázquez - Palma de Mallorca,1.300,1,100,13.00
,Idealista,Piso en Carrer Nuredduna - Palma de Mallorca,1.600,3,220,7.27
,Idealista,Piso en Carrer Costa I Llobera - 11 - Palma de Mallorca,1.200,2,130,9.23
,Idealista,Ático en Palma de Mallorca,1.000,3,90,11.11
,Idealista,Piso en Carrer Sol - Ses Salines,1.200,3,110,10.91
,Idealista,Piso en Urb. Bellresguard - Pollença,1.700,3,146,11.64
,Idealista,Piso en Llac Garda - Palma de Mallorca,1.800,2,93,19.35
,Idealista,Casa adosada en Monjos - Artà,1.950,4,365,5.34
,Idealista,Planta baja en Palma de Mallorca,1.500,3,90,16.67
,Idealista,Piso en Palma de Mallorca,2.000,3,120,16.67
,Idealista,Piso en Palma de Mallorca,1.000,2,100,10.00
,Idealista,Planta baja en Carrer de L'illa de Xipre - Palma de Mallorca,3.200,2,150,21.33
,Idealista,Piso en Carrer de Sant Magí - Palma de Mallorca,1.700,2,72,23.61
,Idealista,Piso en Palma de Mallorca,2.600,4,180,14.44
,Idealista,Estudio en Calvià,1.000,1,5ª,200.00
,Idealista,Piso en Palma de Mallorca,1.500,3,128,11.72
,Idealista,Piso en Calle Dos de Maig - 30 - Palma de Mallorca,2.300,4,120,19.17
,Idealista,Piso en Sa Pobla,900,3,117,7692.31
,Idealista,Piso en Llucmajor,750,2,70,10714.29
,Idealista,Piso en Ausias March - Palma de Mallorca,1.400,3,143,9.79
,Idealista,Piso en Palma de Mallorca,2.800,3,159,17.61
,Idealista,Estudio en Calvià,650,1,1ª,650000.00
,Idealista,Apartamento en Sant Joan,950,3,105,9047.62
,Idealista,Finca rústica en Son Servera,2.200,3,180,12.22
,Idealista,Planta baja en Pollença,1.100,2,97,11.34
,Idealista,Ático en Palma de Mallorca,950,2,105,9047.62
,Idealista,Piso en Palma de Mallorca,3.200,2,100,32.00
,Idealista,Piso en Palma de Mallorca,3.000,4,120,25.00
,Idealista,Piso en Palma de Mallorca,3.500,3,100,35.00
,Idealista,Piso en Palma de Mallorca,3.500,4,120,29.17
,Idealista,Casa o chalet en Pollença,1.750,2,100,17.50
,Idealista,Piso en Pollença,1.400,3,100,14.00
,Idealista,Finca rústica en Pollença,2.500,3,139,17.99
,Idealista,Finca rústica en Manacor,2.500,5,250,10.00
,Idealista,Apartamento en Santanyí,1.250,2,100,12.50
,Idealista,Piso en Palma de Mallorca,1.800,1,93,19.35
,Idealista,Piso en Inca,800,3,100,8000.00
,Idealista,Finca rústica en Manacor,2.700,4,341,7.92
,Idealista,Piso en Palma de Mallorca,1.500,1,115,13.04
,Idealista,Apartamento en Calvià,2.100,2,78,26.92
,Idealista,Planta baja en Calvià,2.300,2,78,29.49
,Idealista,Finca rústica en Ses Salines,2.900,5,327,8.87
,Idealista,Piso en Palma de Mallorca,950,3,100,9500.00
,Idealista,Apartamento en Palma de Mallorca,1.150,1,70,16.43
,Idealista,Casa o chalet en Calvià,6.000,3,198,30.30
,Idealista,Apartamento en Palma de Mallorca,1.300,1,82,15.85
,Idealista,Piso en Palma de Mallorca,2.300,4,120,19.17
,Idealista,Piso en Palma de Mallorca,1.500,4,150,10.00
,Idealista,Apartamento en Calvià,1.250,2,60,20.83
,Idealista,Apartamento en Palma de Mallorca,1.700,2,80,21.25
,Idealista,Piso en Palma de Mallorca,1.600,3,100,16.00
,Idealista,Apartamento en Artà,800,1,60,13333.33
,Idealista,Planta baja en Pollença,1.100,2,78,14.10
,Idealista,Piso en Palma de Mallorca,1.400,4,125,11.20
,Idealista,Piso en Palma de Mallorca,1.500,1,45,33.33
,Idealista,Piso en Palma de Mallorca,1.500,3,90,16.67
,Idealista,Piso en Palma de Mallorca,1.600,2,70,22.86
,Idealista,Casa o chalet en Valldemossa,1.400,3,154,9.09
,Idealista,Finca rústica en Sineu,3.000,2,120,25.00
,Idealista,Casa o chalet en Palma de Mallorca,1.600,4,160,10.00
,Idealista,Apartamento en Calvià,1.450,2,70,20.71
,Idealista,Piso en Santa Margalida,690,4,105,6571.43
,Idealista,Finca rústica en Algaida,2.500,3,170,14.71
,Idealista,Piso en Palma de Mallorca,1.000,2,90,11.11
,Idealista,Finca rústica en Costitx,2.200,3,184,11.96
,Idealista,Loft en Calvià,3.800,1,60,63.33
,Idealista,Casa o chalet en Artà,2.300,3,230,10.00
,Idealista,Apartamento en Palma de Mallorca,1.500,3,90,16.67
,Idealista,Planta baja en Palma de Mallorca,1.500,2,67,22.39
,Idealista,Casa o chalet en Alcúdia,3.000,4,181,16.57
,Idealista,Finca rústica en Vilafranca de Bonany,3.000,5,420,7.14
,Idealista,Apartamento en Palma de Mallorca,3.000,4,130,23.08
,Idealista,Apartamento en Palma de Mallorca,3.500,4,130,26.92
,Idealista,Apartamento en Palma de Mallorca,1.590,4,150,10.60
,Idealista,Apartamento en Palma de Mallorca,2.200,3,125,17.60
,Idealista,Apartamento en Artà,1.200,1,1,1200.00
,Idealista,Apartamento en Calvià,6.500,2,136,47.79
,Idealista,Apartamento en Alcúdia,1.400,3,107,13.08
,Idealista,Apartamento en Palma de Mallorca,3.000,2,200,15.00
,Idealista,Planta baja en Palma de Mallorca,4.000,3,138,28.99
,Idealista,Casa adosada en Carrer de Les Sirenes - Calvià,13.000,5,1000,13.00
,Idealista,Apartamento en Palma de Mallorca,1.150,1,59,19.49
,Idealista,Casa adosada en Puig de Pollensa - Palma de Mallorca,3.500,4,345,10.14
,Idealista,Piso en Palma de Mallorca,1.600,3,250,6.40
,Idealista,Apartamento en Santa Margalida,1.200,2,72,16.67
,Idealista,Piso en Joan Miro - Palma de Mallorca,3.000,4,190,15.79
,Idealista,Casa o chalet en Carrer de la Pau - Costitx,8.000,4,580,13.79
,Idealista,Casa adosada en Camí Polígon Nou - Manacor,2.700,4,750,3.60
,Idealista,Piso en Palma de Mallorca,1.800,5,200,9.00
,Idealista,Casa o chalet en Palma de Mallorca,4.500,6,200,22.50
,Idealista,Casa adosada en Palma de Mallorca,3.500,4,185,18.92
,Idealista,Casa o chalet en Vilafranca de Bonany,1.000,3,120,8.33
,Idealista,Piso en Palma de Mallorca,2.200,5,240,9.17
,Idealista,Piso en Palma de Mallorca,2.300,3,220,10.45
,Idealista,Piso en Palma de Mallorca,1.300,3,110,11.82
,Idealista,Casa o chalet en Maria de la Salut,2.000,5,350,5.71
,Idealista,Casa o chalet en Santanyí,3.900,4,220,17.73
,Idealista,Ático en Palma de Mallorca,4.800,3,170,28.24
,Idealista,Piso en Palma de Mallorca,1.600,3,173,9.25
,Idealista,Piso en Palma de Mallorca,2.450,4,185,13.24
,Idealista,Piso en Calle de Perez Galdos - 9 - Palma de Mallorca,1.250,3,120,10.42
,Idealista,Piso en Muro,775,4,498,1556.22
,Idealista,Casa adosada en Pollença,1.800,2,191,9.42
,Idealista,Casa adosada en Andratx,4.500,5,210,21.43
,Idealista,Casa o chalet en Muro,2.500,4,280,8.93
,Idealista,Casa o chalet en Artà,2.500,3,22000,0.11
,Idealista,Casa o chalet en Felanitx,4.500,3,264,17.05
,Idealista,Casa o chalet en Artà,2.500,3,406,6.16
,Idealista,Casa o chalet en Calvià,5.000,4,200,25.00
,Idealista,Piso en Palma de Mallorca,1.400,4,115,12.17
,Idealista,Casa o chalet en Vilafranca de Bonany,3.000,5,440,6.82
,Idealista,Casa o chalet en Santanyí,5.950,5,450,13.22
,Idealista,Apartamento en Carrer de Cecili Metel - Pollença,1.100,2,97,11.34
,Idealista,Casa o chalet en Sa Pobla,1.800,4,467,3.85
,Idealista,Apartamento en Palma de Mallorca,1.800,4,160,11.25
,Idealista,Finca rústica en Lloseta,2.600,3,300,8.67
,Idealista,Casa adosada en Calvià,10.000,5,260,38.46
,Idealista,Apartamento en Calvià,3.500,3,120,29.17
,Idealista,Finca rústica en Santanyí,4.500,6,41692,0.11
,Idealista,Finca rústica en Muro,4.200,3,360,11.67
,Idealista,Casa o chalet en Calvià,7.500,4,327,22.94
,Idealista,Casa o chalet en Calvià,7.000,3,236,29.66
,Idealista,Casa o chalet en Calvià,10.000,5,363,27.55
,Idealista,Piso en Plaza Carrer Ramonllull - 18 - Santa Margalida - Santa Margalida,1.200,4,400,3.00
,Idealista,Apartamento en Palma de Mallorca,1.100,1,84,13.10
,Idealista,Apartamento en Calvià,1.350,2,90,15.00
,Idealista,Dúplex en Palma de Mallorca,1.100,3,117,9.40
,Idealista,Piso en Calle Puerto Rico - - Palma de Mallorca,1.200,3,90,13.33
,Idealista,Apartamento en Calvià,650,1,50,13000.00
,Idealista,Casa o chalet en Ariany,3.200,3,190,16.84
,Idealista,Finca rústica en Artà,4.500,6,378,11.90
,Idealista,Apartamento en Manacor,1.100,1,45,24.44
,Idealista,Casa adosada en Felanitx,800,3,150,5333.33
,Idealista,Ático en Calvià,4.200,3,131,32.06
,Idealista,Apartamento en Calvià,2.900,2,110,26.36
,Idealista,Dúplex en Palma de Mallorca,1.500,3,126,11.90
,Idealista,Apartamento en Manacor,1.600,3,121,13.22
,Idealista,Finca rústica en Puigpunyent,1.500,3,1,1500.00
,Idealista,Casa adosada en Santa Margalida,1.400,2,84,16.67
,Idealista,Finca rústica en Puig de Sant Miquel - Montuïri,1.650,2,300,5.50
,Idealista,Casa adosada en Sineu,2.150,4,260,8.27
,Idealista,Apartamento en Calvià,2.900,3,190,15.26
,Idealista,Casa o chalet en Calvià,7.500,4,328,22.87
,Idealista,Casa adosada en Palma de Mallorca,1.490,3,350,4.26
,Idealista,Apartamento en Palma de Mallorca,1.800,3,250,7.20
,Idealista,Casa o chalet en Santa Margalida,1.300,4,153,8.50
,Idealista,Casa adosada en Av. de Miramar - Campos,1.400,3,169,8.28
,Idealista,Casa o chalet en Manacor,2.700,3,140,19.29
,Idealista,Apartamento en Ses Salines,1.200,2,78,15.38
,Idealista,Piso en Carrer Rossinyol - 11 - Andratx,2.200,3,110,20.00
,Idealista,Apartamento en Andratx,2.700,2,92,29.35
,Idealista,Finca rústica en Llucmajor,1.300,3,150,8.67
,Idealista,Apartamento en Carrer de la Ermita - Son Servera,650,1,70,9285.71
,Idealista,Casa o chalet en Muro,2.000,3,136,14.71
,Idealista,Apartamento en Palma de Mallorca,4.000,2,180,22.22
,Idealista,Finca rústica en Selva,8.000,4,550,14.55
,Idealista,Planta baja en Manacor,1.700,3,150,11.33
,Idealista,Casa adosada en Llucmajor,3.000,10,Aire,NaN
,Idealista,Estudio en Calvià,600,1,2ª,300000.00
,Idealista,Piso en Palma de Mallorca,1.100,4,120,9.17
,Idealista,Piso en Femenies - Palma de Mallorca,1.290,3,95,13.58
,Idealista,Piso en Baró de Pinopar - 14 - Palma de Mallorca,1.900,3,135,14.07
,Idealista,Finca rústica en Palma Sineu - Km25 - Sineu,2.800,3,240,11.67
,Idealista,Piso en Llucmajor,680,2,75,9066.67
,Idealista,Estudio en Palma de Mallorca,650,1,1ª,650000.00
,Idealista,Dúplex en Calvià,2.900,4,280,10.36
,Idealista,Piso en Palma de Mallorca,950,3,94,10106.38
,Idealista,Apartamento en Manacor,1.000,3,100,10.00
,Idealista,Piso en Palma de Mallorca,1.000,2,69,14.49
,Idealista,Casa o chalet en Artà,850,3,156,5448.72
,Idealista,Apartamento en Santa Margalida,2.150,3,106,20.28
,Idealista,Estudio en Artà,750,1,1,750000.00
,Idealista,Finca rústica en Inca,3.000,3,125,24.00
,Idealista,Finca rústica en Andratx,7.500,3,180,41.67
,Idealista,Apartamento en Alcúdia,2.000,3,180,11.11
,Idealista,Apartamento en Ses Salines,1.300,3,101,12.87
,Idealista,Apartamento en Palma de Mallorca,2.630,2,78,33.72
,Idealista,Casa o chalet en Montuïri,6.000,4,354,16.95
,Idealista,Finca rústica en Llucmajor,1.300,3,150,8.67
,Idealista,Piso en Carrer Despuig - 56 - Palma de Mallorca,1.450,3,85,17.06
,Idealista,Piso en Palma de Mallorca,1.100,1,65,16.92
,Idealista,Piso en Palma de Mallorca,1.600,3,115,13.91
,Idealista,Casa o chalet en Manacor,950,2,75,12666.67
,Idealista,Planta baja en Carrer Pelleteria - Palma de Mallorca,1.600,4,115,13.91
,Idealista,Casa o chalet en Llucmajor,2.500,5,200,12.50
,Idealista,Piso en Palma de Mallorca,3.500,3,180,19.44
,Idealista,Piso en Calvià,3.000,3,100,30.00
,Idealista,Apartamento en Calvià,1.550,3,80,19.38
,Idealista,Casa o chalet en Santanyí,3.900,4,430,9.07
,Idealista,Planta baja en Santa Margalida,1.350,3,137,9.85
,Idealista,Apartamento en Andratx,2.500,3,80,31.25
,Idealista,Apartamento en Palma de Mallorca,1.650,1,65,25.38
,Idealista,Finca rústica en Artà,2.500,3,150,16.67
,Idealista,Casa adosada en Artà,1.300,3,262,4.96
,Idealista,Finca rústica en Carrer del Bous - Sineu,2.800,5,250,11.20
,Idealista,Apartamento en Calvià,1.100,2,70,15.71
,Idealista,Casa o chalet en Petra,7.000,4,499,14.03
,Idealista,Piso en Costa de Can Santacília - Palma de Mallorca,1.000,1,39,25.64
,Idealista,Apartamento en Carrer Duc de L'estremera - Calvià,800,1,55,14545.45
,Idealista,Ático en Carrer Jovellanos - 10 - Palma de Mallorca,1.100,2,55,20.00
,Idealista,Piso en Llucmajor,750,3,70,10714.29
,Idealista,Casa o chalet en Llucmajor,1.200,3,161,7.45
,Idealista,Casa adosada en Llucmajor,2.300,3,150,15.33
,Idealista,Apartamento en Palma de Mallorca,2.300,5,240,9.58
,Idealista,Casa adosada en Artà,1.600,3,130,12.31
,Idealista,Casa o chalet en Calvià,4.500,4,210,21.43
,Idealista,Apartamento en Llucmajor,1.300,3,1,1300.00
,Idealista,Apartamento en Artà,900,2,110,8181.82
,Idealista,Piso en Palma de Mallorca,1.800,4,140,12.86
,Idealista,Apartamento en Palma de Mallorca,1.200,2,84,14.29
,Idealista,Piso en Palma de Mallorca,1.100,3,95,11.58
,Idealista,Piso en Av. Marquès del Palmer - Ses Salines,1.100,3,93,11.83
,Idealista,Piso en Carrer D'ausiàs March - Palma de Mallorca,1.400,3,127,11.02
,Idealista,Piso en Palma de Mallorca,990,1,35,28285.71
,Idealista,Casa o chalet en Calvià,16.000,4,360,44.44
,Idealista,Piso en Palma de Mallorca,1.400,3,127,11.02
,Idealista,Piso en Palma de Mallorca,1.200,4,125,9.60
,Idealista,Finca rústica en Ariany,3.200,3,200,16.00
,Idealista,Apartamento en Palma de Mallorca,3.500,4,150,23.33
,Idealista,Casa o chalet en Santanyí,2.750,3,130,21.15
,Idealista,Casa o chalet en Muro,3.800,3,404,9.41
,Idealista,Finca rústica en Artà,3.200,5,300,10.67
,Idealista,Casa o chalet en Calvià,6.000,5,350,17.14
,Idealista,Finca rústica en Pollença,5.000,9,680,7.35
,Idealista,Finca rústica en Llubí,2.500,3,232,10.78
,Idealista,Dúplex en Camí Sant Carles - Andratx,2.500,4,150,16.67
,Idealista,Piso en Palma de Mallorca,1.850,3,115,16.09
,Idealista,Casa adosada en Calle Fira - Llucmajor,1.500,4,262,5.73
,Idealista,Piso en Capdepera,970,2,65,14923.08
,Idealista,Piso en Carrer Jovellanos - 10 - Palma de Mallorca,1.190,1,60,19.83
,Idealista,Casa o chalet en Marratxí,3.000,4,345,8.70
,Idealista,Apartamento en Ses Salines,1.150,3,99,11.62
,Idealista,Apartamento en Calvià,2.200,3,96,22.92
,Idealista,Piso en Palma de Mallorca,2.150,4,130,16.54
,Idealista,Casa adosada en Campanet,4.300,2,80,53.75
,Idealista,Apartamento en Calvià,1.400,2,64,21.88
,Idealista,Apartamento en Palma de Mallorca,1.350,1,65,20.77
,Idealista,Casa o chalet en Alcúdia,2.500,4,200,12.50
,Idealista,Apartamento en Palma de Mallorca,3.125,4,122,25.61
,Idealista,Finca rústica en Llucmajor,20.000,4,450,44.44
,Idealista,Apartamento en Palma de Mallorca,2.300,4,120,19.17
,Idealista,Casa o chalet en Calvià,4.500,5,320,14.06
,Idealista,Finca rústica en Manacor,2.000,3,215,9.30
,Idealista,Finca rústica en Felanitx,4.500,3,264,17.05
,Idealista,Finca rústica en Esporles,4.000,5,300,13.33
,Idealista,Casa o chalet en Sant Joan,7.000,6,525,13.33
,Idealista,Casa adosada en Alcúdia,3.200,4,248,12.90
,Idealista,Casa o chalet en Calvià,12.500,4,500,25.00
,Idealista,Casa o chalet en Calvià,15.000,5,659,22.76
,Idealista,Casa o chalet en Alcúdia,4.000,4,200,20.00
,Idealista,Piso en Avinguda Amèrica - 7 - Capdepera,1.100,2,75,14.67
,Idealista,Casa adosada en Carretera Porto Cristo Novo - 10 - Manacor,1.000,2,125,8.00
,Idealista,Apartamento en Carrer Formentor - Manacor,800,1,34,23529.41
,Idealista,Apartamento en Carretera Campos - Sn - Campos,2.500,1,60,41.67
,Idealista,Piso en Carrer Eusebi Estada - Palma de Mallorca,1.100,3,100,11.00
,Idealista,Apartamento en Carrer Espartero - 17a - Palma de Mallorca,1.590,2,70,22.71
,Idealista,Casa adosada en Carrer Es Port D'es Canonge - Banyalbufar,1.800,2,80,22.50
,Idealista,Piso en Via de la Mediterrània - Llucmajor,1.700,3,120,14.17
,Idealista,Piso en Via de la Mediterrània - Llucmajor,1.700,3,120,14.17
,Idealista,Piso en Palma de Mallorca,1.700,2,115,14.78
,Idealista,Piso en Palma de Mallorca,1.600,2,110,14.55
,Idealista,Piso en Carrer de la Campana - Palma de Mallorca,2.500,1,38,65.79
,Idealista,Ático en Carrer de Son Puig - 12 - Palma de Mallorca,1.650,3,100,16.50
,Idealista,Piso en Carrer Naveta - Andratx,1.500,2,80,18.75
,Idealista,Piso en Calle Sol - 20 - Ses Salines,1.200,3,110,10.91
,Idealista,Piso en Carrer Dels Sobreposats - Palma de Mallorca,3.500,4,140,25.00
,Idealista,Piso en Carrer Fray Luis de León - Palma de Mallorca,2.000,2,62,32.26
,Idealista,Piso en Avinguda de Son Rigo - Palma de Mallorca,3.500,2,63,55.56
,Idealista,Piso en Avinguda de Son Rigo - Palma de Mallorca,3.500,2,63,55.56
,Idealista,Piso en Avinguda de Son Rigo - Palma de Mallorca,3.500,2,63,55.56
,Idealista,Piso en Avinguda de Son Rigo - Palma de Mallorca,3.500,2,63,55.56
,Idealista,Piso en Avinguda de Joan Miró - Palma de Mallorca,5.500,4,Bajos,NaN
,Idealista,Piso en Camí de Gènova - Palma de Mallorca,2.000,3,122,16.39
,Idealista,Piso en Carrer de Vallseca - Palma de Mallorca,1.500,1,34,44.12
,Idealista,Apartamento en Avinguda Joan Miró - Palma de Mallorca,2.000,2,150,13.33
,Idealista,Casa adosada en Carrer Cap Falcó - Calvià,16.000,5,350,45.71
,Idealista,Ático en Carrer de L'illa de Xipre - Palma de Mallorca,2.900,4,180,16.11
,Idealista,Casa adosada en Carrer del Pop - Palma de Mallorca,5.000,5,180,27.78
,Idealista,Casa adosada en Carrer Major - Felanitx,3.500,2,84,41.67
,Idealista,Casa o chalet en Carrer Sol - 65 - Ses Salines,2.500,3,90,27.78
,Idealista,Planta baja en Calle Isaac Albeniz - Calvià,3.600,1,65,55.38
,Idealista,Casa adosada en Diseminado de Son Cota  - Porreres,2.500,4,250,10.00
,Idealista,Casa adosada en Carrer Poliesportiu - Muro,A,4,190,NaN
,Idealista,Piso en Camí de Son Lluch - Algaida,2.500,4,95,26.32
,Idealista,Casa o chalet en Carrer de Marràqueix - Marratxí,4.000,4,376,10.64
,Idealista,Ático en Calle Josep Tous I Ferrer - Palma de Mallorca,2.000,4,180,11.11
,Idealista,Piso en Palma de Mallorca,1.300,2,77,16.88
,Idealista,Casa adosada en Carrer de Churruca - Llucmajor,5.000,4,250,20.00
,Idealista,Piso en Av. D'es Fortí - Santanyí,1.100,2,85,12.94
,Idealista,Apartamento en Andratx,1.500,1,55,27.27
,Idealista,Ático en Palma de Mallorca,2.900,3,120,24.17
,Idealista,Ático en Carrer Llorenç Cerda - Palma de Mallorca,1.600,3,150,10.67
,Idealista,Piso en Carrer Punta Balena - 15 - Calvià,1.200,2,56,21.43
,Idealista,Apartamento en Plaza Avenida Gabriel Roca 44 - Palma de Mallorca,1.300,3,80,16.25
,Idealista,Casa adosada en Carrer del Bonítol - Campos,1.500,3,140,10.71
,Idealista,Piso en Palma de Mallorca,1.850,3,125,14.80
,Idealista,Casa adosada en Carrer de L'orient - Llucmajor,1.800,2,180,10.00
,Idealista,Piso en Palma de Mallorca,1.800,4,179,10.06
,Idealista,Apartamento en Palma de Mallorca,1.050,1,60,17.50
,Idealista,Casa o chalet en Carrer Milana - Calvià,15.000,6,500,30.00
,Idealista,Casa adosada en Palma de Mallorca,5.000,5,390,12.82
,Idealista,Piso en Palma de Mallorca,2.200,2,120,18.33
,Idealista,Ático en Palma de Mallorca,3.600,3,110,32.73
,Idealista,Apartamento en Capdepera,2.000,2,118,16.95
,Idealista,Piso en Plaza General Ricardo Ortega - Palma de Mallorca,950,2,70,13571.43
,Idealista,Ático en Palma de Mallorca,1.100,2,130,8.46
,Idealista,Finca rústica en Sant Joan,1.500,5,250,6.00
,Idealista,Ático en Manacor,1.500,2,80,18.75
,Idealista,Apartamento en Artà,2.000,3,178,11.24
,Idealista,Casa o chalet en Ariany,3.200,3,270,11.85
,Idealista,Casa o chalet en Carretera de Llucmajor - Palma de Mallorca,3.000,3,100,30.00
,Idealista,Casa o chalet en Sant Llorenç des Cardassar,2.200,3,300,7.33
,Idealista,Piso en Palma de Mallorca,1.100,2,78,14.10
,Idealista,Apartamento en Calvià,2.900,2,110,26.36
,Idealista,Apartamento en Calvià,4.500,3,189,23.81
,Idealista,Apartamento en Calvià,7.500,2,136,55.15
,Idealista,Casa o chalet en Ariany,2.400,4,220,10.91
,Idealista,Piso en Palma de Mallorca,1.250,1,82,15.24
,Idealista,Casa adosada en Manacor,980,2,110,8909.09
,Idealista,Finca rústica en Felanitx,4.000,5,275,14.55
,Idealista,Casa o chalet en Llucmajor,4.800,4,180,26.67
,Idealista,Piso en Palma de Mallorca,1.100,2,84,13.10
,Idealista,Piso en Palma de Mallorca,1.650,3,119,13.87
,Idealista,Casa o chalet en Muro,3.800,3,250,15.20
,Idealista,Finca rústica en Artà,4.800,4,660,7.27
,Idealista,Piso en Carrer Dels Creuers - 19 - Manacor,A,4,175,NaN
,Idealista,Ático en Palma de Mallorca,2.500,4,140,17.86
,Idealista,Apartamento en Calvià,3.500,2,70,50.00
,Idealista,Casa o chalet en Camí del Polfori - Inca,9.500,4,1500,6.33
,Idealista,Casa o chalet en Carrer Palma - Montuïri,3.500,6,500,7.00
,Idealista,Piso en Avinguda Gabriel Roca - Palma de Mallorca,3.900,4,220,17.73
,Idealista,Casa o chalet en Camí de Son Grau - Campanet,1.800,5,195,9.23
,Idealista,Piso en Avinguda del Comte de Sallent - Palma de Mallorca,2.200,5,240,9.17
,Idealista,Casa adosada en Carrer Puig Major - Calvià,6.500,5,350,18.57
,Idealista,Piso en Palma de Mallorca,2.000,5,250,8.00
,Idealista,Apartamento en Alcúdia,3.100,4,185,16.76
,Idealista,Finca rústica en Camí de Son Rubí - Montuïri,1.500,2,125,12.00
,Idealista,Piso en Palma de Mallorca,2.300,3,200,11.50
,Idealista,Piso en Plaza Isabel Montaner - Manacor,850,3,80,10625.00
,Idealista,Finca rústica en Manacor,2.700,4,450,6.00
,Idealista,Ático en Palma de Mallorca,1.950,4,180,10.83
,Idealista,Casa adosada en Capdepera,1.400,2,300,4.67
,Idealista,Piso en Palma de Mallorca,2.300,4,185,12.43
,Idealista,Piso en Palma de Mallorca,1.800,3,200,9.00
,Idealista,Casa adosada en Plaza Cr Palma a Alcúdia - Alcúdia,A,4,220,NaN
,Idealista,Casa o chalet en Plaza Caragola San Telmo Andraitx - Palma de Mallorca,1.000,2,100,10.00
,Idealista,Finca rústica en Manacor,3.500,4,332,10.54
,Idealista,Casa adosada en Manacor,2.000,3,215,9.30
,Idealista,Piso en Calle Carrer de S'alba - 22 - Campos,600,1,80,7500.00
,Idealista,Planta baja en Carrer Major - Santanyí,750,2,100,7500.00
,Idealista,Casa adosada en Calle Sofia - Santanyí,1.300,3,150,8.67
,Idealista,Casa o chalet en Calvià,9.900,7,855,11.58
,Idealista,Casa o chalet en Santa Margalida,1.350,3,210,6.43
,Idealista,Casa adosada en Calvià,3.800,4,234,16.24
,Idealista,Finca rústica en Manacor,2.000,3,295,6.78
,Idealista,Finca rústica en Artà,3.000,5,300,10.00
,Idealista,Casa o chalet en Llucmajor,2.987,6,200,14.94
,Idealista,Casa o chalet en Carrer Porrassar - 11 - Muro,2.000,3,250,8.00
,Idealista,Apartamento en Muro,1.000,3,181,5.52
,Idealista,Casa o chalet en Sant Llorenç des Cardassar,2.494,4,295,8.45
,Idealista,Casa adosada en Palma de Mallorca,2.500,2,170,14.71
,Idealista,Apartamento en Plaça Ecònom Parera - 1 - Palma de Mallorca,1.200,2,85,14.12
,Idealista,Dúplex en Camí Son Toells - Palma de Mallorca,1.350,2,125,10.80
,Idealista,Piso en Carrer Dels Geranis - Alcúdia,1.500,3,80,18.75
,Idealista,Piso en Carrer Victorio Luzuriaga - Palma de Mallorca,1.800,2,150,12.00
,Idealista,Piso en Avinguda Marqués del Palmer - Ses Salines,1.000,2,120,8.33
,Idealista,Piso en Plaza Sa Mora - Manacor,1.500,4,220,6.82
,Idealista,Piso en Carrer D'en Morei - Palma de Mallorca,2.000,1,100,20.00
,Idealista,Apartamento en Calvià,900,1,63,14285.71
,Idealista,Casa adosada en Carrer de Sa Serreta - Capdepera,2.100,4,277,7.58
,Idealista,Piso en Carrer Santjaume - Llucmajor,1.500,3,198,7.58
,Idealista,Piso en Carrer Hostal de Santanyí - Palma de Mallorca,1.000,2,65,15.38
,Idealista,Piso en Benito Jeronimo Feijo - Calvià,3.500,3,103,33.98
,Idealista,Planta baja en Palma de Mallorca,1.600,2,90,17.78
,Idealista,Piso en Carrer de Manacor - Palma de Mallorca,1.365,4,127,10.75
,Idealista,Apartamento en Palma de Mallorca,1.600,3,90,17.78
,Idealista,Casa o chalet en Sóller,1.200,1,28,42.86
,Idealista,Piso en Pollença,1.100,3,137,8.03
,Idealista,Casa o chalet en Artà,800,1,82,9756.10
,Idealista,Casa o chalet en Santanyí,3.000,3,190,15.79
,Idealista,Ático en Palma de Mallorca,1.300,2,80,16.25
,Idealista,Apartamento en Palma de Mallorca,1.850,3,95,19.47
,Idealista,Piso en Palma de Mallorca,1.400,3,120,11.67
,Idealista,Apartamento en Palma de Mallorca,1.990,3,152,13.09
,Idealista,Ático en Palma de Mallorca,1.400,3,120,11.67
,Idealista,Piso en Palma de Mallorca,1.300,3,122,10.66
,Idealista,Piso en Palma de Mallorca,1.550,3,160,9.69
,Idealista,Piso en Palma de Mallorca,1.300,2,90,14.44
,Idealista,Casa o chalet en Urbanització Sa Cala - Deià,4.500,3,280,16.07
,Idealista,Casa adosada en Palma de Mallorca,1.200,3,228,5.26
,Idealista,Finca rústica en Ariany,3.300,3,220,15.00
,Idealista,Finca rústica en Manacor,1.500,3,180,8.33
,Idealista,Finca rústica en Manacor,3.000,4,250,12.00
,Idealista,Piso en Burguera - Ses Salines,980,3,98,10000.00
,Idealista,Planta baja en Llucmajor,1.800,2,250,7.20
,Idealista,Planta baja en Palma de Mallorca,1.750,3,130,13.46
,Idealista,Piso en Palma de Mallorca,1.300,3,105,12.38
,Idealista,Piso en Santanyi - Campos,1.000,3,200,5.00
,Idealista,Piso en Carrer de Can Vatlori - Palma de Mallorca,750,1,45,16666.67
,Idealista,Piso en Carrer D'en Gamundí - Llucmajor,1.100,3,110,10.00
,Idealista,Apartamento en Llucmajor,3.700,3,185,20.00
,Idealista,Ático en De´n Gual - Manacor,900,3,95,9473.68
,Idealista,Apartamento en Calvià,2.000,3,145,13.79
,Idealista,Piso en Palma de Mallorca,1.300,3,95,13.68
,Idealista,Piso en Carrer Can Campaner - Palma de Mallorca,1.650,3,115,14.35
,Idealista,Ático en Palma de Mallorca,1.600,4,175,9.14
,Idealista,Casa o chalet en Alaró,4.000,7,690,5.80
,Idealista,Casa adosada en Campos,1.500,4,160,9.38
,Idealista,Piso en Avinguda de Romaní - Santa Margalida,850,3,78,10897.44
,Idealista,Casa o chalet en Avinguda Mallorca - Calvià,3.500,6,200,17.50
,Idealista,Piso en Palma de Mallorca,1.650,3,147,11.22
,Idealista,Piso en Palma de Mallorca,1.200,2,70,17.14
,Idealista,Apartamento en Calvià,1.600,3,85,18.82
,Idealista,Apartamento en Palma de Mallorca,900,1,55,16363.64
,Idealista,Casa o chalet en Sant Llorenç des Cardassar,2.000,3,230,8.70
,Idealista,Casa adosada en Santa Margalida,1.100,3,100,11.00
,Idealista,Apartamento en Palma de Mallorca,1.200,2,80,15.00
,Idealista,Apartamento en Ses Salines,1.500,2,120,12.50
,Idealista,Casa adosada en Carrer Bernareggi - Santanyí,1.600,5,549,2.91
,Idealista,Dúplex en Palma de Mallorca,3.800,5,274,13.87
,Idealista,Casa o chalet en N´aixa - Artà,1.300,3,250,5.20
,Idealista,Casa o chalet en Bunyola,1.300,1,100,13.00
,Idealista,Piso en Carrer Font I Monteros - Palma de Mallorca,1.450,4,140,10.36
,Idealista,Piso en Av. de Gabriel Roca - Palma de Mallorca,A,3,138,NaN
,Idealista,Piso en Palma de Mallorca,1.500,2,120,12.50
,Idealista,Piso en Carrer del Bastió D'en Berard - Palma de Mallorca,1.199,1,65,18.45
,Idealista,Finca rústica en Felanitx,1.000,4,190,5.26
,Idealista,Casa adosada en Alcúdia,900,2,62,14516.13
,Idealista,Piso en Palma de Mallorca,1.850,3,113,16.37
,Idealista,Piso en Palma de Mallorca,900,1,55,16363.64
,Idealista,Piso en Manacor,1.300,3,129,10.08
,Idealista,Piso en Muro,800,3,108,7407.41
,Idealista,Piso en Palma de Mallorca,2.100,3,165,12.73
,Idealista,Piso en Palma de Mallorca,1.250,3,98,12.76
,Idealista,Finca rústica en Palma de Mallorca,1.900,4,130,14.62
,Idealista,Piso en Passeig del Ferrocarril - Manacor,1.200,2,75,16.00
,Idealista,Piso en Palma de Mallorca,1.400,4,110,12.73
,Idealista,Planta baja en Alcúdia,175.000,2,62,2822.58
,Idealista,Apartamento en Calvià,1.350,2,65,20.77
,Idealista,Ático en Palma de Mallorca,1.500,3,300,5.00
,Idealista,Ático en Elionor Servera - 1 - Palma de Mallorca,1.850,4,170,10.88
,Idealista,Planta baja en Plaza Rentadors - Palma de Mallorca,850,1,70,12142.86
,Idealista,Planta baja en Bellamar - 10 - Palma de Mallorca,900,1,50,18000.00
,Idealista,Piso en Palma de Mallorca,1.900,3,120,15.83
,Idealista,Planta baja en Palma de Mallorca,1.500,3,136,11.03
,Idealista,Piso en Palma de Mallorca,1.200,3,138,8.70
,Idealista,Casa o chalet en Sant Joan,1.900,6,250,7.60
,Idealista,Casa o chalet en Santa Margalida,1.300,4,132,9.85
,Idealista,Piso en Lloseta,750,3,94,7978.72
,Idealista,Apartamento en Carrer Aragó - Palma de Mallorca,955,1,55,17363.64
,Idealista,Piso en Adolf Vazquez Humasque - Palma de Mallorca,1.000,1,75,13.33
,Idealista,Planta baja en Calvià,1.500,2,93,16.13
,Idealista,Piso en Calvià,850,1,50,17000.00
,Idealista,Casa o chalet en Carrer del Pagell - Campos,1.200,3,200,6.00
,Idealista,Piso en Carrer Fita - Llucmajor,A,4,120,NaN
,Idealista,Ático en Palma de Mallorca,1.200,3,135,8.89
,Idealista,Ático en Palma de Mallorca,1.100,2,130,8.46
,Idealista,Finca rústica en Manacor,2.500,5,400,6.25
,Idealista,Ático en Carrer D'hiroshima - Palma de Mallorca,1.100,2,140,7.86
,Idealista,Piso en Palma de Mallorca,850,2,85,10000.00
,Idealista,Piso en Carrer de la Mar - Palma de Mallorca,1.200,1,90,13.33
,Idealista,Ático en Palma de Mallorca,1.500,4,140,10.71
,Idealista,Piso en Palma de Mallorca,1.250,4,127,9.84
,Idealista,Apartamento en Capdepera,1.000,2,65,15.38
,Idealista,Ático en Carrer Miquel Costa I Llobera - Binissalem,900,3,140,6428.57
,Idealista,Piso en Primavera - Ses Salines,900,2,90,10000.00
,Idealista,Apartamento en Alcúdia,700,1,70,10000.00
,Idealista,Piso en Palma de Mallorca,1.400,3,95,14.74
,Idealista,Estudio en Carrer de Sant Bartomeu - Llucmajor,700,1,2ª,350000.00
,Idealista,Piso en Palma de Mallorca,1.300,3,77,16.88
,Idealista,Apartamento en Calvià,1.400,2,100,14.00
,Idealista,Casa o chalet en Carrer Orient - Bunyola,1.150,2,120,9.58
,Idealista,Piso en Sementera - Manacor,800,2,77,10389.61
,Idealista,Apartamento en De Les Coves - Manacor,550,1,68,8088.24
,Idealista,Piso en Palma de Mallorca,1.100,3,100,11.00
,Idealista,Apartamento en Palma de Mallorca,1.100,2,80,13.75
,Idealista,Piso en Palma de Mallorca,1.200,3,110,10.91
,Idealista,Piso en Carrer Mar de Java - Les Maravelles - Palma de Mallorca,980,1,90,10888.89
,Idealista,Casa adosada en Alcúdia,950,2,105,9047.62
,Idealista,Ático en Artà,650,1,120,5416.67
,Idealista,Finca rústica en Porto Cristo - Manacor - Manacor,1.500,3,200,7.50
,Idealista,Piso en Des Moll - Son Servera,900,2,85,10588.24
,Idealista,Piso en Campos,900,3,90,10000.00
,Idealista,Piso en Palma de Mallorca,1.300,3,130,10.00
,Idealista,Piso en Carrer Miquel Massutí - Palma de Mallorca,1.350,3,80,16.88
,Idealista,Piso en Arago - Palma de Mallorca,700,1,55,12727.27
,Idealista,Apartamento en Carrer Aragó - Palma de Mallorca,850,1,29,29310.34
,Idealista,Planta baja en Palma de Mallorca,1.500,3,160,9.38
,Idealista,Piso en Carrer Eusebi Pascual - Estellencs,750,3,90,8333.33
,Idealista,Piso en Palma de Mallorca,900,4,116,7758.62
,Idealista,Apartamento en Palma de Mallorca,745,1,50,14900.00
,Idealista,Apartamento en Palma de Mallorca,845,1,50,16900.00
,Idealista,Piso en Palma de Mallorca,980,2,100,9800.00
,Idealista,Dúplex en Calle de Son Armadans - Palma de Mallorca,1.050,2,85,12.35
,Idealista,Ático en Carrer Jacint Verdaguer - Palma de Mallorca,975,2,83,11746.99
,Idealista,Planta baja en Carrer Sant Isidor - Palma de Mallorca,600,1,43,13953.49
,Idealista,Piso en Carrer del Torrent - Llucmajor,850,2,60,14166.67
,Idealista,Piso en Ramón Desbrull - Inca,850,4,122,6967.21
,Idealista,Piso en Carrer Illa de Xipre - Palma de Mallorca,1.200,3,100,12.00
,Idealista,Piso en Carrer Foners - 42 - Palma de Mallorca,1.200,3,102,11.76
,Idealista,Apartamento en Palma de Mallorca,850,1,57,14912.28
,Idealista,Planta baja en Llucmajor,800,1,50,16000.00
,Idealista,Apartamento en Carrer Monsenyor Palmer - 6 - Palma de Mallorca,700,1,54,12962.96
,Idealista,Estudio en Carrer Des Pontàs - 265 - Manacor,500,1,1ª,500000.00
,Idealista,Piso en Carrer Marquès de la Fontsanta - Palma de Mallorca,1.100,3,100,11.00
,Idealista,Piso en Carrer Aragó - Palma de Mallorca,900,3,88,10227.27
,Idealista,Piso en Francesc Ramis Músic - Manacor,800,3,96,8333.33
,Idealista,Piso en Alcudia - Sn - Inca,850,2,105,8095.24
,Idealista,Apartamento en Palma de Mallorca,675,1,45,15000.00
,Idealista,Piso en Llucmajor,700,2,65,10769.23
,Idealista,Piso en Carrer Cardenal Pou - Palma de Mallorca,800,2,70,11428.57
,Idealista,Piso en Palma de Mallorca,1.000,3,80,12.50
,Idealista,Apartamento en Plaza Pintor Bernaregui - Palma de Mallorca,750,1,65,11538.46
,Idealista,Apartamento en Inca,680,1,50,13600.00
,Idealista,Piso en Calle Bisbe - Palma de Mallorca,1.050,2,100,10.50
,Idealista,Piso en Carrer de la Torre D'en Bibiloni - Palma de Mallorca,875,2,125,7000.00
,Idealista,Piso en Sa Pobla,800,3,122,6557.38
,Idealista,Ático en Carrer Monsenyor Palmer - 6 - Palma de Mallorca,1.200,2,150,8.00
,Idealista,Piso en Carrer Ferreria - Palma de Mallorca,1.000,2,90,11.11
,Idealista,Casa adosada en Carrer Cadernera - Palma de Mallorca,1.100,3,120,9.17
,Idealista,Casa adosada en Carrer Son Llull - 39 - Palma de Mallorca,1.400,3,100,14.00
,Idealista,Piso en Avinguda Mèxic - Palma de Mallorca,2.000,3,85,23.53
,Idealista,Piso en Costa Saragossa - 92 - Palma de Mallorca,1.550,3,95,16.32
,Idealista,Piso en Carrer Bordils - Manacor,1.500,3,132,11.36
,Idealista,Dúplex en Carrer Donants de Sang - 30 - Valldemossa,1.400,4,222,6.31
,Idealista,Apartamento en Vía Via del Melesigeni - 28 - Capdepera,800,1,39,20512.82
,Idealista,Planta baja en Carrer Alexandre Farnese - Ses Salines,900,3,90,10000.00
,Idealista,Piso en Carrer de Jaume Villanueva - Palma de Mallorca,1.300,2,77,16.88
,Idealista,Piso en Carrer Pons I Gallarza - Palma de Mallorca,1.150,2,101,11.39
,Idealista,Piso en Carrer Antich - Palma de Mallorca,1.100,3,120,9.17
,Idealista,Piso en Passeig Mar - Calvià,630,1,45,14000.00
,Idealista,Piso en Carrer Mateu Obrador - Palma de Mallorca,1.400,4,125,11.20
,Idealista,Piso en Residència Bellevue - Alcúdia,950,2,70,13571.43
,Idealista,Finca rústica en Ma-4040 - Son Servera,2.200,3,180,12.22
,Idealista,Piso en Carrer del Sol - Ses Salines,1.200,3,110,10.91
,Idealista,Planta baja en Carrer Ramon de Moncada - Calvià,3.500,2,120,29.17
,Idealista,Piso en Carrer Marquès de la Fontsanta - Palma de Mallorca,950,2,75,12666.67
,Idealista,Apartamento en Carrer Reverend Francesc Sitjar - Palma de Mallorca,1.100,1,45,24.44
,Idealista,Dúplex en Avinguda de Santa Ponça - Calvià,2.800,3,140,20.00
,Idealista,Piso en Carrer Reverend Francesc Sitjar - 4 - Palma de Mallorca,1.300,1,42,30.95
,Idealista,Piso en Carrer de L'amura - Manacor,800,3,97,8247.42
,Idealista,Piso en Carrer de L'almirall Gravina - Palma de Mallorca,1.950,2,90,21.67
,Idealista,Ático en Carrer Palou - Sóller,1.700,3,150,11.33
,Idealista,Apartamento en Carrer Aragó - Palma de Mallorca,730,1,27,27037.04
,Idealista,Piso en Magaluf-s. Ponsa - Calvià,1.450,2,67,21.64
,Idealista,Piso en Avinguda Puig de la Sirvi - Calvià,1.450,2,60,24.17
,Idealista,Piso en Gabriel Roca - Palma de Mallorca,1.200,1,80,15.00
,Idealista,Ático en Carrer Joan Crespí - Palma de Mallorca,900,2,60,15000.00
,Idealista,Ático en Carrer Alba - Ses Salines,900,3,95,9473.68
,Idealista,Piso en Carrer D'hiroshima - Palma de Mallorca,1.100,2,130,8.46
,Idealista,Piso en Carrer General Ricardo Ortega - Palma de Mallorca,950,2,70,13571.43
,Idealista,Piso en Carrer Ramon de Moncada - 47 - Calvià,1.100,2,48,22.92
,Idealista,Ático en Carrer Gerreria - 22 - Palma de Mallorca,1.150,2,65,17.69
,Idealista,Apartamento en Carrer Aragó - Palma de Mallorca,885,1,33,26818.18
,Idealista,Apartamento en Carrer Aragó - Palma de Mallorca,935,1,33,28333.33
,Idealista,Piso en Carrer Sant Domingo - Palma de Mallorca,1.600,2,105,15.24
,Idealista,Apartamento en Passeig de S'estació - Manacor,1.135,3,110,10.32
,Idealista,Piso en Avinguda del Romero - Santa Margalida,850,3,85,10000.00
,Idealista,Piso en Carrer de la Goleta - Palma de Mallorca,1.500,3,90,16.67
,Idealista,Piso en Carretera D'artà - 122 - Alcúdia,1.000,2,85,11.76
,Idealista,Piso en Carrer Narcís Monturiol - 5 - Palma de Mallorca,1.299,4,128,10.15
,Idealista,Piso en Paseo de Illetes - Calvià,1.600,2,70,22.86
,Idealista,Piso en Camí de Les Meravelles - Palma de Mallorca,2.500,3,180,13.89
,Idealista,Casa adosada en Ses Olleries - Santa Eugènia,2.200,5,240,9.17
,Idealista,Ático en Carrer Antoni Marquès - 20 - Palma de Mallorca,1.790,4,120,14.92
,Idealista,Planta baja en Palma de Mallorca,1.200,2,117,10.26
,Idealista,Planta baja en Carrer la Font - Campanet,1.700,3,125,13.60
,Idealista,Piso en Carrer República Dominicana - Palma de Mallorca,875,1,60,14583.33
,Idealista,Piso en Carrer Jaume Balmes - 26 - Palma de Mallorca,925,2,70,13214.29
,Idealista,Ático en Palma de Mallorca,3.200,4,160,20.00
,Idealista,Piso en Carrer Pelleteria - Palma de Mallorca,1.200,1,62,19.35
,Idealista,Piso en Calle del Puig del Teide - 1 - Calvià,1.200,1,60,20.00
,Idealista,Ático en Carrer Fe - 12 - Palma de Mallorca,1.450,1,76,19.08
,Idealista,Piso en Carrer de Manacor - 34 - Palma de Mallorca,885,2,68,13014.71
,Idealista,Finca rústica en Camí de Sa Vinya Des Comte II - Lloseta,950,2,60,15833.33
,Idealista,Piso en Carrer Es Cos - 4 - Valldemossa,A,3,120,NaN
,Idealista,Casa adosada en Carrer Sant Andreu - Santanyí,2.800,4,222,12.61
,Idealista,Piso en Palma de Mallorca,1.200,2,75,16.00
,Idealista,Piso en Carrer Aragó - Palma de Mallorca,900,1,50,18000.00
,Idealista,Piso en Palma de Mallorca,1.420,2,67,21.19
,Idealista,Piso en Palma de Mallorca,1.400,3,127,11.02
,Idealista,Piso en Palma de Mallorca,795,2,75,10600.00
,Idealista,Piso en Palma de Mallorca,1.300,3,101,12.87
,Idealista,Piso en Palma de Mallorca,2.600,3,180,14.44
,Idealista,Piso en Plaza Paseo Illetas 32 - Palma de Mallorca,600,1,30,20000.00
,Idealista,Ático en Palma de Mallorca,800,2,75,10666.67
,Idealista,Piso en Carrer Francesc Sancho - Palma de Mallorca,1.500,4,150,10.00
,Idealista,Ático en Son Servera,1.400,2,65,21.54
,Idealista,Piso en Gabriel Roca - - Palma de Mallorca,1.750,3,140,12.50
,Idealista,Piso en Gabriel Roca - Palma de Mallorca,1.300,2,100,13.00
,Idealista,Casa adosada en Diseminado Poligono 4 - Pollença,1.600,4,244,6.56
,Idealista,Piso en D'islàndia - 10 - Palma de Mallorca,1.350,2,120,11.25
,Idealista,Dúplex en Carrer Sant Cristòfol - Palma de Mallorca,1.400,2,115,12.17
,Idealista,Apartamento en Carrer Joan Crespí - 1 - Palma de Mallorca,1.790,5,1ª,1790.00
,Idealista,Dúplex en Carrer del Sol - Calvià,3.200,4,270,11.85
,Idealista,Piso en Avinguda de Gabriel Alomar - 11 - Palma de Mallorca,1.500,4,171,8.77
,Idealista,Ático en Avinguda Tomás Blanes Tolosa - 8 - Calvià,2.800,4,200,14.00
,Idealista,Piso en Flamenc - 8 - Palma de Mallorca,1.500,2,60,25.00
,Idealista,Casa o chalet en Carretera Puig de Sant Miquel - Montuïri,1.700,2,90,18.89
,Idealista,Piso en Camí de Son Rapinya - Palma de Mallorca,925,2,85,10882.35
,Idealista,Apartamento en Calvià,1.000,1,55,18.18
,Idealista,Planta baja en C/ Monserrat Mascaro - Palma de Mallorca,870,2,66,13181.82
,Idealista,Piso en Carrer de Velázquez - Palma de Mallorca,1.300,1,110,11.82
,Idealista,Apartamento en Carrer Sant Llorenç - 17 - Palma de Mallorca,1.790,3,110,16.27
,Idealista,Piso en Carrer Des Saluet - Andratx,1.350,2,81,16.67
,Idealista,Piso en D'hiroshima - 28 - Palma de Mallorca,1.100,2,130,8.46
,Idealista,Piso en C/ Manacor - Palma de Mallorca,740,1,66,11212.12
,Idealista,Planta baja en Llucmajor,1.600,4,120,13.33
,Idealista,Planta baja en Carrer Quetglas - 26b - Palma de Mallorca,2.300,4,100,23.00
,Idealista,Finca rústica en Camí del Puig de Sant Miquel - Montuïri,1.800,2,105,17.14
,Idealista,Apartamento en Carrer Àlbers - 1 - Alcúdia,1.500,2,90,16.67
,Idealista,Planta baja en Carrer Sant Miquel - Campanet,750,2,70,10714.29
,Idealista,Casa o chalet en Carrer Margalida Monlau - 5 - Palma de Mallorca,1.490,4,120,12.42
,Idealista,Piso en Palma de Mallorca,1.200,3,100,12.00
,Idealista,Apartamento en Palma de Mallorca,1.100,2,80,13.75
,Idealista,Apartamento en Plaza Avinguda Gazpar Bennazar - Palma de Mallorca,750,1,45,16666.67
,Idealista,Piso en Palma de Mallorca,3.000,4,120,25.00
,Idealista,Piso en Frederic Mistral - Palma de Mallorca,2.500,3,137,18.25
,Idealista,Casa o chalet en Calvià,1.850,2,120,15.42
,Idealista,Apartamento en Calle Duque - Calvià,1.000,2,60,16.67
,Idealista,Apartamento en Jose Mascaro Pasariu  - 6 - Palma de Mallorca,880,2,85,10352.94
,Idealista,Piso en Vaixells - Palma de Mallorca,1.300,1,41,31.71
,Idealista,Apartamento en Altilio Boveri - Pollença,1.400,3,150,9.33
,Idealista,Apartamento en Sóller,1.200,1,28,42.86
,Idealista,Piso en Carrer de Margalida Caimari - Palma de Mallorca,1.150,2,64,17.97
,Idealista,Apartamento en Carrer Aladern - 2 - Felanitx,900,3,95,9473.68
,Idealista,Piso en Avinguda Gabriel Roca - Palma de Mallorca,1.400,4,110,12.73
,Idealista,Dúplex en Calle de la Mare de Déu del Carme - 1 - Llucmajor,1.700,3,120,14.17
,Idealista,Piso en Avinguda Comte de Sallt - 18 - Bons Aires - Palma de Mallorca,2.200,5,90,24.44
,Idealista,Piso en Palma de Mallorca,2.200,4,130,16.92
,Idealista,Casa o chalet en Manacor,700,2,75,9333.33
,Idealista,Casa o chalet en Sa Pobla,2.500,5,220,11.36
,Idealista,Piso en Carrer Marquès de la Sènia - 4 - Palma de Mallorca,1.490,2,62,24.03
,Idealista,Piso en Palma de Mallorca,2.150,3,135,15.93
,Idealista,Piso en Palma de Mallorca,2.200,5,151,14.57
,Idealista,Apartamento en Alcúdia,1.400,3,80,17.50
,Idealista,Piso en Carrer Jardí Botànic - 8 - Palma de Mallorca,1.290,2,65,19.85
,Idealista,Piso en Carrer Punta Balena - Calvià,900,1,49,18367.35
,Idealista,Casa adosada en Carrer de la Milana - Llucmajor,7.000,4,350,20.00
,Idealista,Piso en Palma de Mallorca,2.300,3,135,17.04
,Idealista,Piso en Palma de Mallorca,1.090,3,100,10.90
,Idealista,Piso en Palma de Mallorca,1.200,4,120,10.00
,Idealista,Piso en Palma de Mallorca,1.500,3,170,8.82
,Idealista,Apartamento en Palma de Mallorca,800,1,50,16000.00
,Idealista,Estudio en Palma de Mallorca,750,1,6ª,125000.00
,Idealista,Piso en Palma de Mallorca,1.000,2,80,12.50
,Idealista,Piso en Palma de Mallorca,1.200,4,150,8.00
,Idealista,Apartamento en Palma de Mallorca,850,1,65,13076.92
,Idealista,Piso en Palma de Mallorca,1.400,5,180,7.78
,Idealista,Piso en Palma de Mallorca,1.000,3,100,10.00
,Idealista,Piso en Carrer Teixos - Sant Llorenç des Cardassar,850,2,85,10000.00
,Idealista,Piso en Joan Miro - Palma de Mallorca,1.030,2,90,11.44
,Idealista,Casa adosada en Carrer Rosa - Calvià,3.800,3,250,15.20
,Idealista,Piso en Calvià,1.800,3,130,13.85
,Idealista,Piso en Palma de Mallorca,2.250,2,102,22.06
,Idealista,Piso en Palma de Mallorca,1.150,2,64,17.97
,Idealista,Piso en Carrer de la Falzia - Llucmajor,1.100,2,72,15.28
,Idealista,Estudio en Plaza Carretera Soller - Palma de Mallorca,600,1,60,10000.00
,Idealista,Piso en Palma de Mallorca,1.100,2,110,10.00
,Idealista,Piso en Palma de Mallorca,2.300,4,145,15.86
,Idealista,Piso en Joan Frontera Riera - Santa Margalida,1.600,3,125,12.80
,Idealista,Ático en Palma de Mallorca,1.100,2,140,7.86
,Idealista,Ático en Calle Isla de Xipre - Palma de Mallorca,2.900,3,100,29.00
,Idealista,Ático en Carrer Joan Massanet I Moragues - Palma de Mallorca,1.180,1,87,13.56
,Idealista,Casa adosada en Carrer Sol - 65 - Ses Salines,8.000,3,110,72.73
,Idealista,Planta baja en Palma de Mallorca,800,1,50,16000.00
,Idealista,Piso en Antoni Mus - Palma de Mallorca,950,2,80,11875.00
,Idealista,Apartamento en Carrer Deganat - Palma de Mallorca,1.000,1,60,16.67
,Idealista,Casa adosada en Carrer Lluna - Calvià,2.700,4,306,8.82
,Idealista,Piso en Calvià,2.000,4,160,12.50
,Idealista,Piso en Carrer Dos de Maig - Palma de Mallorca,2.150,4,120,17.92
,Idealista,Apartamento en Plaza Punta Ballena 13 - Calvià,680,1,60,11333.33
,Idealista,Piso en Carrer Vaixell - 5 - Palma de Mallorca,1.200,1,52,23.08
,Idealista,Piso en Calle Carrer Ticià - . - Bons Aires - Palma de Mallorca,2.400,4,173,13.87
,Idealista,Piso en Calle Mateu Obrador - 1 - Palma de Mallorca,1.400,4,125,11.20
,Idealista,Piso en Calvià,3.000,3,130,23.08
,Idealista,Casa adosada en Palma de Mallorca,1.800,3,125,14.40
,Idealista,Apartamento en Sineu,650,1,50,13000.00
,Idealista,Piso en Carrer Paners - 7 - Palma de Mallorca,1.100,2,60,18.33
,Idealista,Piso en Carrer Jardí Botànic - 8 - Palma de Mallorca,1.250,2,65,19.23
,Idealista,Piso en Carrer Méndez Núñez - Pollença,1.000,3,112,8.93
,Idealista,Piso en Joan Miro - Palma de Mallorca,850,1,90,9444.44
,Idealista,Piso en Palma de Mallorca,1.600,3,140,11.43
,Idealista,Finca rústica en Sencelles,5.000,4,225,22.22
,Idealista,Finca rústica en Felanitx,2.500,5,210,11.90
,Idealista,Piso en Pz Indioteria (pz Licinio Fuente) - Palma de Mallorca,890,3,90,9888.89
,Idealista,Piso en Llucmajor,950,3,92,10326.09
,Idealista,Piso en Palma de Mallorca,850,2,80,10625.00
,Idealista,Piso en Pz Serralta - Palma de Mallorca,900,3,60,15000.00
,Idealista,Piso en Llucmajor,1.000,2,60,16.67
,Idealista,Piso en Palma de Mallorca,1.280,1,65,19.69
,Idealista,Apartamento en Carrer Servet - 20 - Palma de Mallorca,1.690,3,90,18.78
,Idealista,Finca rústica en Palma de Mallorca,1.700,4,150,11.33
,Idealista,Apartamento en Carrer Benito Jerónimo Feijoo - 8 - Calvià,1.100,1,55,20.00
,Idealista,Piso en Calvià,2.500,3,150,16.67
,Idealista,Casa o chalet en Capdepera,1.500,2,145,10.34
,Idealista,Piso en Palma de Mallorca,1.500,2,100,15.00
,Idealista,Piso en Palma de Mallorca,1.150,2,64,17.97
,Idealista,Piso en Palma de Mallorca,1.850,3,105,17.62
,Idealista,Piso en Via Caleta - Calvià,1.700,3,120,14.17
,Idealista,Ático en Bendinat - Calvià,5.000,3,166,30.12
,Idealista,Piso en Palma de Mallorca,1.100,1,60,18.33
,Idealista,Planta baja en Ses Salines,1.000,3,110,9.09
,Idealista,Piso en Calle de Margalida Caimari - Palma de Mallorca,1.150,2,64,17.97
,Idealista,Apartamento en Santanyí,650,1,60,10833.33
,Idealista,Casa adosada en Marratxí,1.200,3,180,6.67
,Idealista,Piso en Carrer Pelleteria - Palma de Mallorca,1.500,3,93,16.13
,Idealista,Piso en Plaza Avda. Romani - 3 2º D - Santa Margalida,850,3,85,10000.00
,Idealista,Piso en Palma de Mallorca,1.500,4,150,10.00
,Idealista,Casa o chalet en Pollença,1.500,3,114,13.16
,Idealista,Finca rústica en Ma-4041 - Son Servera,A,1,90,NaN
,Idealista,Piso en Calvià,6.500,2,136,47.79
,Idealista,Piso en Palma de Mallorca,2.400,4,180,13.33
,Idealista,Piso en Palma de Mallorca,1.000,3,98,10.20
,Idealista,Piso en Avinguda Argentina - 38 - Palma de Mallorca,1.100,2,81,13.58
,Idealista,Piso en Plaza Av Pere Más I Reus 25 - Alcúdia,950,2,70,13571.43
,Idealista,Casa adosada en Andratx,2.490,2,115,21.65
,Idealista,Casa adosada en Carrer Miguel de Cervantes - Calvià,2.500,4,160,15.63
,Idealista,Piso en Palma de Mallorca,1.200,2,75,16.00
,Idealista,Piso en Plaza Av Gabriel Roca - Palma de Mallorca,1.200,2,70,17.14
,Idealista,Piso en Valldemossa - Palma de Mallorca,960,3,97,9896.91
,Idealista,Apartamento en Calvià,1.100,2,80,13.75
,Idealista,Casa o chalet en Palma de Mallorca,1.500,2,98,15.31
,Idealista,Finca rústica en Artà,1.500,2,180,8.33
